question_id,outcome_type,small_is_correct,large_baseline_is_correct,scheduled_is_correct,triggered,trigger_chunk_id,takeover_start_chunk_id,first_error_chunk_id,trigger_error_score,trigger_tail_bonus,trigger_combined_score,ground_truth_final_answer,small_final_answer,scheduled_final_answer,large_baseline_final_answer,takeover_generated_token_count,takeover_full_reasoning,large_baseline_full_reasoning,question
4,small_correct_to_scheduled_correct,True,,True,True,17,16,,0.004458963871002197,0.15,0.1544589638710022,624,624,624,,21,"To determine how many pages James writes in a year, we need to break down the problem into smaller, manageable steps.

1. **Calculate the number of pages James writes per week:**
   - James writes a 3-page letter to 2 different friends.
   - He does this twice a week.
   - Therefore, the number of pages he writes per week is:
     \[
     3 \text{ pages/letter} \times 2 \text{ letters} \times 2 \text{ times/week} = 12 \text{ pages/week}
     \]

2. **Calculate the number of weeks in a year:**
   - There are 52 weeks in a year.

3. **Calculate the total number of pages James writes in a year:**
   - Multiply the number of pages he writes per week by the number of weeks in a year:
     \[
     12 \text{ pages/week} \times 52 \text{ weeks/year} = 624 \text{ pages/year}
     \]

Thus,the total number of pages James writes in a year is \(\boxed{624}\).",,James writes a 3-page letter to 2 different friends twice a week.  How many pages does he write a year?
33,small_correct_to_scheduled_correct,True,,True,True,19,18,,0.018771469593048096,0.15,0.1687714695930481,34,34,34,,12,"To calculate the combined total number of cups of water, flour, and teaspoons of salt Kimber needs, we'll break down the problem into parts and then sum them up.

1. **Water:**
   Kimber needs 10 cups of water.

2. **Flour:**
   Kimber needs 16 cups of flour.

3. **Salt:**
   Kimber needs 1/2 times as many teaspoons of salt as the number of cups of flour. Since she needs 16 cups of flour, we calculate the teaspoons of salt as follows:
   \[
   \text{Teaspoons of salt} = \frac{1}{2} \times 16 = 8 \text{ teaspoons}
   \]

Now, we sum up all the quantities:
\[
\text{Total} = \text{Cups of water} + \text{Cups of flour} + \text{Teaspoons of salt}
\]
\[
\text{Total} = 10 + 16 + 8
\]
\[
\text{Total} = 34
\]

Therefore, Kimber needs a combined total of 34 cups of water,flour, and teaspoons of salt to make the pizza.",,"To make pizza, together with other ingredients, Kimber needs 10 cups of water, 16 cups of flour, and 1/2 times as many teaspoons of salt as the number of cups of flour. Calculate the combined total number of cups of water, flour, and teaspoons of salt that she needs to make the pizza."
70,small_correct_to_scheduled_correct,True,,True,True,10,9,,0.07894092798233032,0.11538461538461539,0.1943255433669457,19,19,19,,49,"To determine how many apples Harry has, we need to follow these steps:

1. **Find out how many apples Tim has:**
   - We know that Martha has 68 apples.
   - Tim has 30 less apples than Martha.
   - Therefore, the number of apples Tim has is:
     \[
     68 - 30 = 38
     \]

2. **Find out how many apples Harry has:**
   - Harry has half as many apples as Tim.- Since Tim has 38 apples, the number of apples Harry has is:
     \[
     \frac{38}{2} = 19
     \]

Thus, Harry has 19 apples.",,"Tim has 30 less apples than Martha, and Harry has half as many apples as Tim. If Martha has 68 apples, how many apples does Harry have?"
79,small_correct_to_scheduled_correct,True,,True,True,10,9,,0.0008686184883117676,0.15,0.15086861848831176,70,70,70,,21,"To find the combined teaching experience of James and his partner, we need to follow these steps:

1. Determine the number of years James's partner has been teaching.
2. Add the number of years James has been teaching to the number of years his partner has been teaching.

Step 1: Determine the number of years James's partner has been teaching.
James has been teaching for 40 years. His partner has been teaching for 10 years less than James.

\[
\text{Partner's teaching years} = 40 - 10 = 30 \text{ years}
\]

Step 2: Add the number of years James has been teaching to the number of years his partner has been teaching.

\[
\text{Combined teaching years} = 40 + 30 = 70 \text{ years}\]

Therefore, the combined teaching experience of James and his partner is 70 years.",,James spends 40 years teaching.  His partner has been teaching for 10 years less.  How long is their combined experience?
86,small_correct_to_scheduled_correct,True,,True,True,3,2,3,0.999999463558197,0.021428571428571425,1.0214280349867684,6,6,6,,150,"To determine how many ounces of soda Peter bought, we need to follow these steps:

1. **Calculate the total amount of money Peter spent on soda:**Peter started with $2 and left with $0.50. Therefore, the amount he spent is:
   \[
   2 - 0.50 = 1.50 \text{ dollars}
   \]

2. **Determine the cost per ounce of soda:**  
   The soda costs $0.25 per ounce.

3. **Calculate the number of ounces of soda Peter bought:**  
   To find out how many ounces he bought, we divide the total amount spent by the cost per ounce:
   \[
   \frac{1.50}{0.25} = 6 \text{ ounces}
   \]

Therefore, Peter bought 6 ounces of soda.",,Peter goes to the store to buy a soda. The soda costs $.25 an ounce. He brought $2 with him and leaves with $.50. How many ounces of soda did he buy?
99,small_correct_to_scheduled_correct,True,,True,True,6,5,6,0.6253343820571899,0.049999999999999996,0.67533438205719,3,3,3,,256,"To determine how many more fish Gail would have in the first tank than the second tank, we need to follow these steps:

1. **Calculate the size of the second tank:**
   The first tank is twice the size of the second tank. Given that the first tank has 48 gallons of water, we can find the size of the second tank by dividing the volume of the first tank by 2:\[
   \text{Size of the second tank} = \frac{48 \text{ gallons}}{2} = 24 \text{ gallons}
   \]

2. **Determine the number of fish in each tank:**
   - For the first tank:
     Each fish in the first tank is 3 inches long, and the rule is one gallon of water per inch of fish. Therefore, each fish requires 3 gallons of water.
     \[
     \text{Number of fish in the first tank} = \frac{48 \text{ gallons}}{3 \text{ gallons per fish}} = 16 \text{ fish}
     \]
   - For the second tank:
     Each fish in the second tank is 2 inches long, so each fish requires 2 gallons of water.
     \[
     \text{Number of fish in the second tank} = \frac{24 \text{ gallons}}{2 \text{ gallons per fish}} = 12 \text{ fish}
     \]

3. **Account for the fish eaten in the first tank:**
   One of the fish in the first tank eats another, reducing the number of fish in the first",,"Gail has two fish tanks. The first tank is twice the size of the second tank. There are 48 gallons of water in the first tank. She follows the rule of one gallon of water per inch of fish. If she keeps two-inch fish in the second tank and three-inch fish in the first tank, how many more fish would Gail have in the first tank than the second tank if one of the first tank fish eats another?"
110,small_correct_to_scheduled_correct,True,,True,True,18,17,,6.80685043334961e-05,0.15,0.1500680685043335,140,140,140,,56,"To determine how much more money Tina made compared to Marvin, we need to follow these steps:

1. Calculate the number of candy bars Tina sold.
2. Calculate the total money Marvin made.
3. Calculate the total money Tina made.
4. Find the difference between the money Tina made and the money Marvin made.

Step 1: Calculate the number of candy bars Tina sold.
Tina sold three times the number of candy bars as Marvin. Since Marvin sold 35 candy bars, we have:
\[ \text{Tina's candy bars} = 3 \times 35 = 105 \]

Step 2: Calculate the total money Marvin made.
Each candy bar costs $2, so Marvin's total money is:
\[ \text{Marvin's money} = 35 \times 2 = 70 \]

Step 3: Calculate the total money Tina made.
Tina's total money is:
\[ \text{Tina's money} = 105 \times 2 = 210 \]

Step 4: Find the difference between the money Tina made and the money Marvin made.The difference is:
\[ \text{Difference} = 210 - 70 = 140 \]

Therefore, Tina made $140 more than Marvin. The final answer is:
\[
\boxed{140}
\]",,Marvin and Tina were selling candy bars to help fund their class trip.  The candy bars cost $2 each.  Marvin sold 35 candy bars total.  Tina sold three times the number of candy bars as Marvin.  How much more money did Tina make for the class trip selling candy bars compared to Marvin?
113,small_correct_to_scheduled_correct,True,,True,True,22,21,,0.00013935565948486328,0.15,0.15013935565948486,60,60,60,,13,"Let's break down the problem step by step:

1. Baez starts with 25 marbles.

2. She loses 20% of her marbles. To find out how many marbles she loses, we calculate 20% of 25:
   \[
   0.20 \times 25 = 5
   \]
   So, Baez loses 5 marbles.

3. After losing 5 marbles, Baez has:
   \[
   25 - 5 = 20
   \]
   marbles left.

4. Her friend gives her double the amount she has after losing the marbles. Since she has 20 marbles left, her friend gives her:
   \[
   2 \times 20 = 40
   \]
   marbles.

5. To find out how many marbles Baez ends up with, we add the 40 marbles her friend gave her to the 20 marbles she had left:
   \[
   20 + 40 = 60
   \]

Therefore,Baez ends up with 60 marbles.",,Baez has 25 marbles. She loses 20% of them one day. Then a friend sees her and gives her double the amount that Baez has after she lost them. How many marbles does Baez end up with?
119,small_correct_to_scheduled_correct,True,,True,True,13,12,,0.001759171485900879,0.15,0.15175917148590087,140,140,140,,20,"To determine how many cupcakes Jessa needs to make, we need to calculate the total number of students across all the classes. Let's break it down step by step:

1. **Fourth-grade classes:**
   - Each fourth-grade class has 30 students.
   - There are 3 fourth-grade classes.
   - Total students in fourth-grade classes = \( 30 \times 3 = 90 \) students.

2. **P.E. class:**
   - The P.E. class has 50 students.

3. **Total students:**
   - Add the students from the fourth-grade classes and the P.E. class.
   - Total students = \( 90 + 50 = 140 \) students.Therefore, Jessa needs to make 140 cupcakes to accommodate all the students.",,Jessa needs to make cupcakes for 3 fourth-grade classes that each have 30 students and a P.E. class with 50 students. How many cupcakes does she need to make?
126,small_correct_to_scheduled_correct,True,,True,True,14,13,,0.0029563307762145996,0.15,0.1529563307762146,25,25,25,,17,"To determine how many roommates John has, we need to follow these steps:

1. Identify the number of roommates Bob has.
2. Use the information given to find out how many roommates John has.

Step 1: Identify the number of roommates Bob has.
Bob has 10 roommates.

Step 2: Use the information given to find out how many roommates John has.
The problem states that John has five more roommates than twice as many as Bob. We can express this relationship mathematically as:
\[ \text{Number of John's roommates} = 2 \times \text{Number of Bob's roommates} + 5 \]

Substituting the number of Bob's roommates (10) into the equation:
\[ \text{Number of John's roommates} = 2 \times 10 + 5 \]

Now, perform the multiplication and addition:
\[ \text{Number of John's roommates} = 20 + 5 = 25 \]So, John has \(\boxed{25}\) roommates.",,"John has five more roommates than twice as many as Bob. If Bob has 10 roommates, how many roommates does John have?"
137,small_correct_to_scheduled_correct,True,,True,True,5,4,3,0.7601335048675537,0.049999999999999996,0.8101335048675538,6,6,6,,229,"To determine how many loads of laundry it will take to wash all the oversized beach towels, we need to follow these steps:

1. **Calculate the total number of people:**
   - There are 3 families.
   - Each family has 4 people.- Total number of people = \( 3 \times 4 = 12 \).

2. **Determine the total number of beach towels used per day:**
   - Each person uses 1 oversized beach towel per day.
   - Therefore, the total number of beach towels used per day = \( 12 \) towels.

3. **Calculate the total number of beach towels used over 7 days:**
   - Number of days = 7.
   - Total number of beach towels used in 7 days = \( 12 \times 7 = 84 \) towels.

4. **Determine the number of loads needed to wash all the towels:**
   - The washing machine can hold 14 towels per load.
   - To find the number of loads required, divide the total number of towels by the capacity of the washing machine:
     \[
     \text{Number of loads} = \frac{84}{14} = 6
     \]

Therefore, it will take 6 loads of laundry to wash all the oversized beach towels.",,3 families of 4 people shared a vacation rental for 7 days.  Everyone uses 1 oversized beach towel a day before getting a new one.  The washing machine can hold 14 oversized beach towels per load.  How many loads of laundry will it take to wash all the oversized beach towels?
151,small_correct_to_scheduled_correct,True,,True,True,14,13,,3.5762786865234375e-07,0.15,0.15000035762786865,283,283,283,,32,"To find out how many text messages Keiko sent last week and this week combined, we need to follow these steps:

1. Determine how many text messages Keiko sent this week.
2. Add the number of messages from last week to the number of messages from this week.

First, let's find out how many text messages Keiko sent this week. According to the problem, she sent 50 less than double what she sent last week. Last week, she sent 111 text messages. So, we calculate double the number of messages from last week:

\[ 2 \times 111 = 222 \]

Next, we subtract 50 from this amount to find out how many messages she sent this week:

\[ 222 - 50 = 172 \]

Now, we add the number of messages from last week to the number of messages from this week to find the total:

\[ 111 + 172 = 283 \]So, the total number of text messages Keiko sent last week and this week combined is:

\[
\boxed{283}
\]",,Keiko sent 111 text messages last week. This week she sent 50 less than double what she sent last week. How many text messages did Keiko send last week and this week combined?
152,small_correct_to_scheduled_correct,True,,True,True,6,5,,0.12079751491546631,0.056249999999999994,0.1770475149154663,44,44,44,,157,"To calculate the cost of the discounted subscription, we need to follow these steps:

1. Determine the amount of the discount.
2. Subtract the discount from the original price.

Step 1: Calculate the discount amount.
The discount is 45% of the original price.The original price is $80.

\[ \text{Discount Amount} = 45\% \times 80 \]

Convert the percentage to a decimal for calculation:
\[ 45\% = 0.45 \]

Now multiply:
\[ \text{Discount Amount} = 0.45 \times 80 = 36 \]

So, the discount amount is $36.

Step 2: Subtract the discount from the original price.
\[ \text{Discounted Price} = \text{Original Price} - \text{Discount Amount} \]
\[ \text{Discounted Price} = 80 - 36 = 44 \]

Therefore, the discounted subscription costs $44.",,A one-year subscription to a newspaper is offered with a 45% discount. How much does the discounted subscription cost if a subscription normally costs $80?
156,small_correct_to_scheduled_correct,True,,True,True,24,23,,1.1920928955078125e-07,0.15,0.15000011920928955,21,21,21,,19,"To determine how much George paid for his food, we need to calculate the cost of each item and then sum them up.

1. **Cost of the sandwich:**
   The sandwich costs $4.

2. **Cost of the juice:**
   The juice is two times more expensive than the sandwich. Therefore, the cost of the juice is:
   \[
   2 \times 4 = 8 \text{ dollars}
   \]

3. **Total cost of the sandwich and juice:**
   Adding the cost of the sandwich and the juice:
   \[
   4 + 8 = 12 \text{ dollars}
   \]

4. **Cost of the milk:**
   The bottle of milk costs 75% of the total cost of the sandwich and juice. Therefore, the cost of the milk is:
   \[
   0.75 \times 12 = 9 \text{ dollars}
   \]

5. **Total cost of all items:**
   Adding the cost of the sandwich, juice, and milk:
   \[
   4 + 8 + 9 = 21 \text{ dollars}
   \]

Thus,George paid a total of \(\boxed{21}\) dollars for his food.",,"George bought some food for his trip: a bottle of juice, a sandwich, and a bottle of milk. The sandwich was for $4, and the juice was two times more expensive. The bottle of milk cost was 75% of the total cost of the sandwich and juice. How much did George pay for his food?"
164,small_correct_to_scheduled_correct,True,,True,True,14,13,,0.00014197826385498047,0.15,0.15014197826385497,32,32,32,,10,"Let's calculate the number of baseball cards Buddy has each day step by step.

**Monday:**
Buddy starts with 30 baseball cards.

**Tuesday:**
Buddy loses half of his cards.
Half of 30 is \( \frac{30}{2} = 15 \).
So, after Tuesday, Buddy has \( 30 - 15 = 15 \) baseball cards.

**Wednesday:**
Buddy buys 12 more cards.
So, after Wednesday, Buddy has \( 15 + 12 = 27 \) baseball cards.

**Thursday:**
Buddy buys a third of what he had on Tuesday.
A third of 15 is \( \frac{15}{3} = 5 \).
So, after Thursday, Buddy has \( 27 + 5 = 32 \) baseball cards.

Therefore, on Thursday,Buddy has **32** baseball cards.",,On Monday Buddy has 30 baseball cards. On Tuesday Buddy loses half of them. On Wednesday Buddy buys 12 baseball cards. On Thursday he buys a third of what he had on Tuesday. How many baseball cards does he have on Thursday?
180,small_correct_to_scheduled_correct,True,,True,True,3,2,3,0.999986469745636,0.028124999999999997,1.028111469745636,360,360,360,,174,"Let's break down the problem step by step:

1. Derek starts with $960.

2. He spends half of this amount on textbooks:\[
   \frac{1}{2} \times 960 = 480
   \]
   So, he spends $480 on textbooks.

3. After buying textbooks, the remaining amount is:
   \[
   960 - 480 = 480
   \]

4. He then spends a quarter of the remaining amount on school supplies:
   \[
   \frac{1}{4} \times 480 = 120
   \]
   So, he spends $120 on school supplies.

5. The final amount of money Derek has left after these purchases is:
   \[
   480 - 120 = 360
   \]

Therefore, Derek has $360 left.",,"Derek has $960 to buy his books for the semester. He spends half of that on his textbooks, and he spends a quarter of what is left on his school supplies. What is the amount of money Derek has left?"
223,small_correct_to_scheduled_correct,True,,True,True,20,19,12,0.001882791519165039,0.15,0.15188279151916503,2,2,2,,19,"To determine the cost of Bob's fruit drink, we need to follow these steps:

1. Calculate the total amount Andy spent.
2. Set up an equation based on the fact that Andy and Bob spent the same amount.
3. Solve the equation to find the cost of Bob's fruit drink.

First, let's calculate the total amount Andy spent:
- Andy bought a can of soda for $1.
- Andy bought two hamburgers at $2 each, so that's \(2 \times 2 = $4\).
- Therefore, Andy's total expenditure is \(1 + 4 = $5\).

Since Andy and Bob spent the same amount, Bob's total expenditure is also $5. We know that Bob ordered two sandwiches for $3 and a can of fruit drink. Let's denote the cost of the fruit drink as \(x\).

So, the equation for Bob's expenditure is:
\[3 + x = 5\]

To find \(x\), we solve the equation:
\[x = 5 - 3\]
\[x = 2\]Therefore, the cost of Bob's fruit drink is \(\boxed{2}\).",,Andy and Bob went to the canteen to buy snacks. They spent the same amount. Andy bought a can of soda at $1 and two hamburgers at $2 each.  Bob ordered two sandwiches for $3 and a can of fruit drink.  How much did Bob's fruit drink cost?
236,small_correct_to_scheduled_correct,True,,True,True,21,20,,1.7404556274414062e-05,0.15,0.1500174045562744,825,825,825,,9,"Let's break down the problem step by step:

1. Jake starts with $5000.

2. He spends $2800 on a new motorcycle:
   \[
   5000 - 2800 = 2200
   \]
   So, Jake has $2200 left.

3. He then spends half of what's left on a concert ticket:
   \[
   \frac{2200}{2} = 1100
   \]
   So, Jake spends $1100 on the concert ticket, leaving him with:
   \[
   2200 - 1100 = 1100
   \]
   Now, Jake has $1100 left.

4. Jake then loses a fourth of what he has left:
   \[
   \frac{1100}{4} = 275
   \]
   So, Jake loses $275, leaving him with:
   \[
   1100 - 275 = 825
   \]

Therefore,Jake has $825 left.",,"Jake has $5000. He spends $2800 on a new motorcycle, and then spends half of what's left on a concert ticket. Jake then loses a fourth of what he has left. How much money does he have left?"
250,small_correct_to_scheduled_correct,True,,True,True,16,15,,0.002606511116027832,0.15,0.15260651111602783,360,360,360,,21,"To determine how heavy the weights felt when being lowered, we need to follow these steps:

1. **Calculate the total weight of the plates:**
   Tom uses 10 weight plates, each weighing 30 pounds.
   \[
   \text{Total weight} = 10 \times 30 = 300 \text{ pounds}
   \]

2. **Determine the increase in weight due to the special technology:**
   The special technology makes the weights 20% heavier on the lowering portion.
   \[
   \text{Increase in weight} = 300 \times 0.20 = 60 \text{ pounds}
   \]

3. **Calculate the total weight felt when being lowered:**
   Add the increase in weight to the original total weight.
   \[
   \text{Total weight felt} = 300 + 60 = 360 \text{ pounds}
   \]

Therefore,the weights felt like they were \(\boxed{360}\) pounds when being lowered.",,Tom uses 10 weight plates each weighing 30 pounds on an exercise machine.  This exercise machine uses special technology to make the weights 20% heavier on the lowering portion.  How heavy did the weights feel when being lowered?
259,small_correct_to_scheduled_correct,True,,True,True,7,6,7,0.93871009349823,0.06999999999999999,1.00871009349823,37,37,37,,207,"To determine the number of students in class C, we need to follow these steps:

1. Calculate the number of students in class A.
2. Determine the number of students in class B.
3. Find the number of students in class C by subtracting the number of students in classes A and B from the total number of students.

First, we calculate the number of students in class A. Since 40% of the students are in class A,we have:
\[
\text{Number of students in class A} = 0.40 \times 80 = 32
\]

Next, we know that class B has 21 students fewer than class A. Therefore, the number of students in class B is:
\[
\text{Number of students in class B} = 32 - 21 = 11
\]

Now, we can find the number of students in class C by subtracting the number of students in classes A and B from the total number of students:
\[
\text{Number of students in class C} = 80 - (\text{Number of students in class A} + \text{Number of students in class B}) = 80 - (32 + 11) = 80 - 43 = 37
\]

Thus, the number of students in class C is:
\[
\boxed{37}
\]",,"Adam goes to a small school, which teaches 80 students in three classes. 40% of the students are in class A, and class B has 21 students fewer than class A. The rest are in class C. How many students are in this class?"
263,small_correct_to_scheduled_correct,True,,True,True,11,10,11,0.999992847442627,0.103125,1.1031178474426269,30,30,30,,55,"To determine how much money John makes from selling the apples, we need to follow these steps:

1. **Calculate the total number of trees:**
   John plants a plot of 3 trees by 4 trees.
   \[
   \text{Total number of trees} = 3 \times 4 = 12
   \]

2. **Calculate the total number of apples:**
   Each tree gives 5 apples.
   \[
   \text{Total number of apples} = 12 \times 5 = 60
   \]

3. **Calculate the total revenue from selling the apples:**Each apple is sold for $0.5.
   \[
   \text{Total revenue} = 60 \times 0.5 = 30
   \]

Therefore, John makes \(\boxed{30}\) dollars.",,"John plants a plot of 3 trees by 4 trees.  Each tree gives 5 apples.  He sells each apple for $.5.  How much money does he make, in dollars?"
277,small_correct_to_scheduled_correct,True,,True,True,17,16,,0.01510012149810791,0.15,0.1651001214981079,175,175,175,,17,"To determine the cost of each of the two other puppies, we need to follow these steps:

1. **Calculate the total cost of the three puppies on sale:**
   Each of the three puppies on sale costs $150.
   \[
   3 \times 150 = 450
   \]

2. **Determine the total cost of the five puppies:**
   The total cost for all five puppies is $800.

3. **Find the total cost of the two other puppies:**
   Subtract the cost of the three puppies on sale from the total cost of all five puppies.
   \[
   800 - 450 = 350
   \]

4. **Calculate the cost of each of the two other puppies:**
   Since the two other puppies cost the same, divide the total cost of the two puppies by 2.
   \[
   \frac{350}{2} = 175
   \]

Therefore,each of the two other puppies costs \(\boxed{175}\).",,Arven bought five puppies for a total cost of $800. Three puppies are on sale for $150 each. How much does each of those two other puppies cost if they cost the same?
281,small_correct_to_scheduled_correct,True,,True,True,5,4,,0.8766481876373291,0.049999999999999996,0.9266481876373291,1728,1728,1728,,220,"To find the combined balance of both Gina's accounts, we need to follow these steps:

1. Determine the balance in one of Gina's accounts.
2. Calculate the combined balance of both Gina's accounts.

Step 1: Determine the balance in one of Gina's accounts.Each of Gina's accounts has a quarter (1/4) of the balance in Betty's account. Betty's account balance is $3,456. So, we calculate:
\[
\text{Balance in one of Gina's accounts} = \frac{1}{4} \times 3456
\]

Perform the multiplication:
\[
\frac{1}{4} \times 3456 = 864
\]

So, each of Gina's accounts has a balance of $864.

Step 2: Calculate the combined balance of both Gina's accounts.

Since Gina has two accounts and each account has a balance of $864, we add the balances together:
\[
\text{Combined balance} = 864 + 864
\]

Perform the addition:
\[
864 + 864 = 1728
\]

Therefore, the combined balance of both Gina's accounts is:
\[
\boxed{1728}
\]",,"Gina has two bank accounts. Each account has a quarter of the balance in Betty's account. If Betty's account balance is $3,456, what is the combined balance of both Gina's accounts?"
285,small_correct_to_scheduled_correct,True,,True,True,15,14,,0.01803290843963623,0.15,0.16803290843963622,2,2,2,,17,"To determine how many hours John has to watch per day, we need to follow these steps:

1. **Calculate the total time required to watch all episodes:**
   - Each episode is 30 minutes long.
   - There are 20 episodes.
   - Total time in minutes = \( 20 \text{ episodes} \times 30 \text{ minutes/episode} = 600 \text{ minutes} \).

2. **Convert the total time from minutes to hours:**
   - There are 60 minutes in an hour.
   - Total time in hours = \( \frac{600 \text{ minutes}}{60 \text{ minutes/hour}} = 10 \text{ hours} \).

3. **Determine the number of hours John needs to watch per day:**
   - John wants to finish the show in 5 days.
   - Hours per day = \( \frac{10 \text{ hours}}{5 \text{ days}} = 2 \text{ hours/day} \).Therefore, John has to watch 2 hours of the show each day.",,John wants to finish a show in 5 days.  There are 20 episodes and they are each 30 minutes long.  How many hours does he have to watch a day?
